Strain,Cell,Rep,MOI,Time,PFU
WF10,MDCK,1,0.1,0,150
WF10,MDCK,1,0.1,2,49
WF10,MDCK,1,0.1,4,
WF10,MDCK,1,0.1,6,
WF10,MDCK,1,0.1,8,
WF10,MDCK,1,0.1,12,49
WF10,MDCK,1,0.1,16,3200
WF10,MDCK,1,0.1,24,290000
WF10,MDCK,1,0.1,48,790000
WF10,MDCK,2,0.1,0,750
WF10,MDCK,2,0.1,2,49
WF10,MDCK,2,0.1,4,
WF10,MDCK,2,0.1,6,
WF10,MDCK,2,0.1,8,
WF10,MDCK,2,0.1,12,49
WF10,MDCK,2,0.1,16,4400
WF10,MDCK,2,0.1,24,660000
WF10,MDCK,2,0.1,48,2450000
WF10,MDCK,3,0.1,0,750
WF10,MDCK,3,0.1,2,49
WF10,MDCK,3,0.1,4,
WF10,MDCK,3,0.1,6,
WF10,MDCK,3,0.1,8,
WF10,MDCK,3,0.1,12,49
WF10,MDCK,3,0.1,16,2850
WF10,MDCK,3,0.1,24,650000
WF10,MDCK,3,0.1,48,1400000
WF10,MDCK,1,1,0,5000
WF10,MDCK,1,1,2,49
WF10,MDCK,1,1,4,
WF10,MDCK,1,1,6,
WF10,MDCK,1,1,8,
WF10,MDCK,1,1,12,1350
WF10,MDCK,1,1,16,545000
WF10,MDCK,1,1,24,1450000
WF10,MDCK,1,1,48,1135000
WF10,MDCK,2,1,0,15000
WF10,MDCK,2,1,2,49
WF10,MDCK,2,1,4,
WF10,MDCK,2,1,6,
WF10,MDCK,2,1,8,
WF10,MDCK,2,1,12,1150
WF10,MDCK,2,1,16,490000
WF10,MDCK,2,1,24,1550000
WF10,MDCK,2,1,48,3850000
WF10,MDCK,3,1,0,19500
WF10,MDCK,3,1,2,50
WF10,MDCK,3,1,4,
WF10,MDCK,3,1,6,
WF10,MDCK,3,1,8,
WF10,MDCK,3,1,12,5650
WF10,MDCK,3,1,16,445000
WF10,MDCK,3,1,24,615000
WF10,MDCK,3,1,48,3200000
WF10,MDCK,1,3,0,17500
WF10,MDCK,1,3,2,50
WF10,MDCK,1,3,4,
WF10,MDCK,1,3,6,
WF10,MDCK,1,3,8,
WF10,MDCK,1,3,12,2900
WF10,MDCK,1,3,16,305000
WF10,MDCK,1,3,24,445000
WF10,MDCK,1,3,48,660000
WF10,MDCK,2,3,0,50000
WF10,MDCK,2,3,2,200
WF10,MDCK,2,3,4,
WF10,MDCK,2,3,6,
WF10,MDCK,2,3,8,
WF10,MDCK,2,3,12,10000
WF10,MDCK,2,3,16,525000
WF10,MDCK,2,3,24,100000
WF10,MDCK,2,3,48,1850000
WF10,MDCK,1,5,0,36500
WF10,MDCK,1,5,2,49
WF10,MDCK,1,5,4,
WF10,MDCK,1,5,6,
WF10,MDCK,1,5,8,
WF10,MDCK,1,5,12,5750
WF10,MDCK,1,5,16,420000
WF10,MDCK,1,5,24,540000
WF10,MDCK,1,5,48,500000
WF10,MDCK,2,5,0,200000
WF10,MDCK,2,5,2,150
WF10,MDCK,2,5,4,
WF10,MDCK,2,5,6,
WF10,MDCK,2,5,8,
WF10,MDCK,2,5,12,11000
WF10,MDCK,2,5,16,360000
WF10,MDCK,2,5,24,725000
WF10,MDCK,2,5,48,1250000
WF10,MDCK,3,5,0,100000
WF10,MDCK,3,5,2,200
WF10,MDCK,3,5,4,
WF10,MDCK,3,5,6,
WF10,MDCK,3,5,8,
WF10,MDCK,3,5,12,42500
WF10,MDCK,3,5,16,475000
WF10,MDCK,3,5,24,865000
WF10,MDCK,3,5,48,1700000
WF10,MDCK,1,10,0,110000
WF10,MDCK,1,10,2,150
WF10,MDCK,1,10,4,
WF10,MDCK,1,10,6,
WF10,MDCK,1,10,8,
WF10,MDCK,1,10,12,17000
WF10,MDCK,1,10,16,320000
WF10,MDCK,1,10,24,395000
WF10,MDCK,1,10,48,465000
WF10,MDCK,2,10,0,305000
WF10,MDCK,2,10,2,4350
WF10,MDCK,2,10,4,
WF10,MDCK,2,10,6,
WF10,MDCK,2,10,8,
WF10,MDCK,2,10,12,10000
WF10,MDCK,2,10,16,430000
WF10,MDCK,2,10,24,670000
WF10,MDCK,2,10,48,800000
WF10,MDCK,1,20,0,665000
WF10,MDCK,1,20,2,150
WF10,MDCK,1,20,4,
WF10,MDCK,1,20,6,
WF10,MDCK,1,20,8,
WF10,MDCK,1,20,12,35000
WF10,MDCK,1,20,16,415000
WF10,MDCK,1,20,24,245000
WF10,MDCK,1,20,48,320000
WF10,MDCK,2,20,0,1180000
WF10,MDCK,2,20,2,700
WF10,MDCK,2,20,4,
WF10,MDCK,2,20,6,
WF10,MDCK,2,20,8,
WF10,MDCK,2,20,12,42500
WF10,MDCK,2,20,16,215000
WF10,MDCK,2,20,24,435000
WF10,MDCK,2,20,48,1050000
WF10,MDCK,3,20,0,2105000
WF10,MDCK,3,20,2,1450
WF10,MDCK,3,20,4,
WF10,MDCK,3,20,6,
WF10,MDCK,3,20,8,
WF10,MDCK,3,20,12,65500
WF10,MDCK,3,20,16,395000
WF10,MDCK,3,20,24,700000
WF10,MDCK,3,20,48,700000
WF10,MDCK,4,1,1,7400
WF10,MDCK,4,1,2,49
WF10,MDCK,4,1,4,49
WF10,MDCK,4,1,6,
WF10,MDCK,4,1,8,
WF10,MDCK,4,1,12,815000
WF10,MDCK,4,1,16,3200000
WF10,MDCK,4,1,24,4550000
WF10,MDCK,4,1,48,4450000
WF10,MDCK,5,1,1,4850
WF10,MDCK,5,1,2,49
WF10,MDCK,5,1,4,49
WF10,MDCK,5,1,6,
WF10,MDCK,5,1,8,
WF10,MDCK,5,1,12,750000
WF10,MDCK,5,1,16,3600000
WF10,MDCK,5,1,24,4350000
WF10,MDCK,5,1,48,2400000
WF10,MDCK,6,1,1,4650
WF10,MDCK,6,1,2,49
WF10,MDCK,6,1,4,49
WF10,MDCK,6,1,6,
WF10,MDCK,6,1,8,
WF10,MDCK,6,1,12,114500
WF10,MDCK,6,1,16,2400000
WF10,MDCK,6,1,24,7800000
WF10,MDCK,6,1,48,
WF10,MDCK,4,0.1,1,450
WF10,MDCK,4,0.1,2,49
WF10,MDCK,4,0.1,4,49
WF10,MDCK,4,0.1,6,
WF10,MDCK,4,0.1,8,
WF10,MDCK,4,0.1,12,2750
WF10,MDCK,4,0.1,16,97500
WF10,MDCK,4,0.1,24,615000
WF10,MDCK,4,0.1,48,1650000
WF10,MDCK,5,0.1,1,350
WF10,MDCK,5,0.1,2,49
WF10,MDCK,5,0.1,4,49
WF10,MDCK,5,0.1,6,
WF10,MDCK,5,0.1,8,
WF10,MDCK,5,0.1,12,800
WF10,MDCK,5,0.1,16,68500
WF10,MDCK,5,0.1,24,1250000
WF10,MDCK,5,0.1,48,1550000
WF10,MDCK,6,0.1,1,200
WF10,MDCK,6,0.1,2,49
WF10,MDCK,6,0.1,4,49
WF10,MDCK,6,0.1,6,
WF10,MDCK,6,0.1,8,
WF10,MDCK,6,0.1,12,400
WF10,MDCK,6,0.1,16,57000
WF10,MDCK,6,0.1,24,2550000
WF10,MDCK,6,0.1,48,1200000
WF10,MDCK,4,0.05,1,150
WF10,MDCK,4,0.05,2,49
WF10,MDCK,4,0.05,4,49
WF10,MDCK,4,0.05,6,
WF10,MDCK,4,0.05,8,
WF10,MDCK,4,0.05,12,50
WF10,MDCK,4,0.05,16,9650
WF10,MDCK,4,0.05,24,330000
WF10,MDCK,4,0.05,48,270000
WF10,MDCK,5,0.05,1,250
WF10,MDCK,5,0.05,2,49
WF10,MDCK,5,0.05,4,49
WF10,MDCK,5,0.05,6,
WF10,MDCK,5,0.05,8,
WF10,MDCK,5,0.05,12,49
WF10,MDCK,5,0.05,16,7000
WF10,MDCK,5,0.05,24,200000
WF10,MDCK,5,0.05,48,275000
WF10,MDCK,6,0.05,1,49
WF10,MDCK,6,0.05,2,49
WF10,MDCK,6,0.05,4,49
WF10,MDCK,6,0.05,6,
WF10,MDCK,6,0.05,8,
WF10,MDCK,6,0.05,12,49
WF10,MDCK,6,0.05,16,8650
WF10,MDCK,6,0.05,24,375000
WF10,MDCK,6,0.05,48,195000
WF10,MDCK,4,0.01,1,49
WF10,MDCK,4,0.01,2,49
WF10,MDCK,4,0.01,4,49
WF10,MDCK,4,0.01,6,
WF10,MDCK,4,0.01,8,
WF10,MDCK,4,0.01,12,49
WF10,MDCK,4,0.01,16,250
WF10,MDCK,4,0.01,24,5625
WF10,MDCK,4,0.01,48,6750
WF10,MDCK,5,0.01,1,49
WF10,MDCK,5,0.01,2,49
WF10,MDCK,5,0.01,4,49
WF10,MDCK,5,0.01,6,
WF10,MDCK,5,0.01,8,
WF10,MDCK,5,0.01,12,49
WF10,MDCK,5,0.01,16,49
WF10,MDCK,5,0.01,24,5800
WF10,MDCK,5,0.01,48,9150
WF10,MDCK,6,0.01,1,49
WF10,MDCK,6,0.01,2,49
WF10,MDCK,6,0.01,4,49
WF10,MDCK,6,0.01,6,
WF10,MDCK,6,0.01,8,
WF10,MDCK,6,0.01,12,49
WF10,MDCK,6,0.01,16,50
WF10,MDCK,6,0.01,24,21500
WF10,MDCK,6,0.01,48,7500
MN99,MDCK,1,0.1,0,
MN99,MDCK,1,0.1,2,
MN99,MDCK,1,0.1,4,
MN99,MDCK,1,0.1,6,
MN99,MDCK,1,0.1,8,
MN99,MDCK,1,0.1,12,
MN99,MDCK,1,0.1,16,
MN99,MDCK,1,0.1,24,
MN99,MDCK,1,0.1,48,
MN99,MDCK,2,0.1,0,
MN99,MDCK,2,0.1,2,
MN99,MDCK,2,0.1,4,
MN99,MDCK,2,0.1,6,
MN99,MDCK,2,0.1,8,
MN99,MDCK,2,0.1,12,
MN99,MDCK,2,0.1,16,
MN99,MDCK,2,0.1,24,
MN99,MDCK,2,0.1,48,
MN99,MDCK,3,0.1,0,
MN99,MDCK,3,0.1,2,
MN99,MDCK,3,0.1,4,
MN99,MDCK,3,0.1,6,
MN99,MDCK,3,0.1,8,
MN99,MDCK,3,0.1,12,
MN99,MDCK,3,0.1,16,
MN99,MDCK,3,0.1,24,
MN99,MDCK,3,0.1,48,
MN99,MDCK,1,1,0,
MN99,MDCK,1,1,2,
MN99,MDCK,1,1,4,
MN99,MDCK,1,1,6,
MN99,MDCK,1,1,8,
MN99,MDCK,1,1,12,
MN99,MDCK,1,1,16,
MN99,MDCK,1,1,24,
MN99,MDCK,1,1,48,
MN99,MDCK,2,1,0,
MN99,MDCK,2,1,2,
MN99,MDCK,2,1,4,
MN99,MDCK,2,1,6,
MN99,MDCK,2,1,8,
MN99,MDCK,2,1,12,
MN99,MDCK,2,1,16,
MN99,MDCK,2,1,24,
MN99,MDCK,2,1,48,
MN99,MDCK,3,1,0,
MN99,MDCK,3,1,2,
MN99,MDCK,3,1,4,
MN99,MDCK,3,1,6,
MN99,MDCK,3,1,8,
MN99,MDCK,3,1,12,
MN99,MDCK,3,1,16,
MN99,MDCK,3,1,24,
MN99,MDCK,3,1,48,
MN99,MDCK,1,3,0,
MN99,MDCK,1,3,2,
MN99,MDCK,1,3,4,
MN99,MDCK,1,3,6,
MN99,MDCK,1,3,8,
MN99,MDCK,1,3,12,
MN99,MDCK,1,3,16,
MN99,MDCK,1,3,24,
MN99,MDCK,1,3,48,
MN99,MDCK,2,3,0,
MN99,MDCK,2,3,2,
MN99,MDCK,2,3,4,
MN99,MDCK,2,3,6,
MN99,MDCK,2,3,8,
MN99,MDCK,2,3,12,
MN99,MDCK,2,3,16,
MN99,MDCK,2,3,24,
MN99,MDCK,2,3,48,
MN99,MDCK,1,5,0,
MN99,MDCK,1,5,2,
MN99,MDCK,1,5,4,
MN99,MDCK,1,5,6,
MN99,MDCK,1,5,8,
MN99,MDCK,1,5,12,
MN99,MDCK,1,5,16,
MN99,MDCK,1,5,24,
MN99,MDCK,1,5,48,
MN99,MDCK,2,5,0,
MN99,MDCK,2,5,2,
MN99,MDCK,2,5,4,
MN99,MDCK,2,5,6,
MN99,MDCK,2,5,8,
MN99,MDCK,2,5,12,
MN99,MDCK,2,5,16,
MN99,MDCK,2,5,24,
MN99,MDCK,2,5,48,
MN99,MDCK,3,5,0,
MN99,MDCK,3,5,2,
MN99,MDCK,3,5,4,
MN99,MDCK,3,5,6,
MN99,MDCK,3,5,8,
MN99,MDCK,3,5,12,
MN99,MDCK,3,5,16,
MN99,MDCK,3,5,24,
MN99,MDCK,3,5,48,
MN99,MDCK,1,10,0,
MN99,MDCK,1,10,2,
MN99,MDCK,1,10,4,
MN99,MDCK,1,10,6,
MN99,MDCK,1,10,8,
MN99,MDCK,1,10,12,
MN99,MDCK,1,10,16,
MN99,MDCK,1,10,24,
MN99,MDCK,1,10,48,
MN99,MDCK,2,10,0,
MN99,MDCK,2,10,2,
MN99,MDCK,2,10,4,
MN99,MDCK,2,10,6,
MN99,MDCK,2,10,8,
MN99,MDCK,2,10,12,
MN99,MDCK,2,10,16,
MN99,MDCK,2,10,24,
MN99,MDCK,2,10,48,
MN99,MDCK,1,20,0,
MN99,MDCK,1,20,2,
MN99,MDCK,1,20,4,
MN99,MDCK,1,20,6,
MN99,MDCK,1,20,8,
MN99,MDCK,1,20,12,
MN99,MDCK,1,20,16,
MN99,MDCK,1,20,24,
MN99,MDCK,1,20,48,
MN99,MDCK,2,20,0,
MN99,MDCK,2,20,2,
MN99,MDCK,2,20,4,
MN99,MDCK,2,20,6,
MN99,MDCK,2,20,8,
MN99,MDCK,2,20,12,
MN99,MDCK,2,20,16,
MN99,MDCK,2,20,24,
MN99,MDCK,2,20,48,
MN99,MDCK,3,20,0,
MN99,MDCK,3,20,2,
MN99,MDCK,3,20,4,
MN99,MDCK,3,20,6,
MN99,MDCK,3,20,8,
MN99,MDCK,3,20,12,
MN99,MDCK,3,20,16,
MN99,MDCK,3,20,24,
MN99,MDCK,3,20,48,
MN99,MDCK,4,1,1,18000
MN99,MDCK,4,1,2,100
MN99,MDCK,4,1,4,49
MN99,MDCK,4,1,6,
MN99,MDCK,4,1,8,
MN99,MDCK,4,1,12,265000
MN99,MDCK,4,1,16,1800000
MN99,MDCK,4,1,24,2500000
MN99,MDCK,4,1,48,1800000
MN99,MDCK,5,1,1,40000
MN99,MDCK,5,1,2,50
MN99,MDCK,5,1,4,100
MN99,MDCK,5,1,6,
MN99,MDCK,5,1,8,
MN99,MDCK,5,1,12,195000
MN99,MDCK,5,1,16,1400000
MN99,MDCK,5,1,24,2300000
MN99,MDCK,5,1,48,2600000
MN99,MDCK,6,1,1,37000
MN99,MDCK,6,1,2,200
MN99,MDCK,6,1,4,300
MN99,MDCK,6,1,6,
MN99,MDCK,6,1,8,
MN99,MDCK,6,1,12,150000
MN99,MDCK,6,1,16,2100000
MN99,MDCK,6,1,24,550000
MN99,MDCK,6,1,48,1150000
MN99,MDCK,4,0.1,1,1350
MN99,MDCK,4,0.1,2,100
MN99,MDCK,4,0.1,4,49
MN99,MDCK,4,0.1,6,
MN99,MDCK,4,0.1,8,
MN99,MDCK,4,0.1,12,1150
MN99,MDCK,4,0.1,16,75000
MN99,MDCK,4,0.1,24,770000
MN99,MDCK,4,0.1,48,1550000
MN99,MDCK,5,0.1,1,1600
MN99,MDCK,5,0.1,2,49
MN99,MDCK,5,0.1,4,100
MN99,MDCK,5,0.1,6,
MN99,MDCK,5,0.1,8,
MN99,MDCK,5,0.1,12,150
MN99,MDCK,5,0.1,16,40000
MN99,MDCK,5,0.1,24,2050000
MN99,MDCK,5,0.1,48,1000000
MN99,MDCK,6,0.1,1,2300
MN99,MDCK,6,0.1,2,100
MN99,MDCK,6,0.1,4,50
MN99,MDCK,6,0.1,6,
MN99,MDCK,6,0.1,8,
MN99,MDCK,6,0.1,12,1100
MN99,MDCK,6,0.1,16,110000
MN99,MDCK,6,0.1,24,485000
MN99,MDCK,6,0.1,48,1250000
MN99,MDCK,4,0.05,1,250
MN99,MDCK,4,0.05,2,49
MN99,MDCK,4,0.05,4,49
MN99,MDCK,4,0.05,6,
MN99,MDCK,4,0.05,8,
MN99,MDCK,4,0.05,12,500
MN99,MDCK,4,0.05,16,29000
MN99,MDCK,4,0.05,24,340000
MN99,MDCK,4,0.05,48,870000
MN99,MDCK,5,0.05,1,600
MN99,MDCK,5,0.05,2,49
MN99,MDCK,5,0.05,4,49
MN99,MDCK,5,0.05,6,
MN99,MDCK,5,0.05,8,
MN99,MDCK,5,0.05,12,500
MN99,MDCK,5,0.05,16,11000
MN99,MDCK,5,0.05,24,635000
MN99,MDCK,5,0.05,48,
MN99,MDCK,6,0.05,1,950
MN99,MDCK,6,0.05,2,49
MN99,MDCK,6,0.05,4,49
MN99,MDCK,6,0.05,6,
MN99,MDCK,6,0.05,8,
MN99,MDCK,6,0.05,12,700
MN99,MDCK,6,0.05,16,21000
MN99,MDCK,6,0.05,24,150000
MN99,MDCK,6,0.05,48,675000
MN99,MDCK,4,0.01,1,7450
MN99,MDCK,4,0.01,2,49
MN99,MDCK,4,0.01,4,49
MN99,MDCK,4,0.01,6,
MN99,MDCK,4,0.01,8,
MN99,MDCK,4,0.01,12,150
MN99,MDCK,4,0.01,16,750
MN99,MDCK,4,0.01,24,
MN99,MDCK,4,0.01,48,23500
MN99,MDCK,5,0.01,1,150
MN99,MDCK,5,0.01,2,49
MN99,MDCK,5,0.01,4,49
MN99,MDCK,5,0.01,6,
MN99,MDCK,5,0.01,8,
MN99,MDCK,5,0.01,12,49
MN99,MDCK,5,0.01,16,300
MN99,MDCK,5,0.01,24,10500
MN99,MDCK,5,0.01,48,11000
MN99,MDCK,6,0.01,1,50
MN99,MDCK,6,0.01,2,49
MN99,MDCK,6,0.01,4,49
MN99,MDCK,6,0.01,6,
MN99,MDCK,6,0.01,8,
MN99,MDCK,6,0.01,12,
MN99,MDCK,6,0.01,16,500
MN99,MDCK,6,0.01,24,3650
MN99,MDCK,6,0.01,48,25000
WF10,DF1,1,0.1,0,100
WF10,DF1,1,0.1,2,49
WF10,DF1,1,0.1,4,
WF10,DF1,1,0.1,6,49
WF10,DF1,1,0.1,8,
WF10,DF1,1,0.1,12,50
WF10,DF1,1,0.1,16,2800
WF10,DF1,1,0.1,24,26000
WF10,DF1,1,0.1,48,19000
WF10,DF1,2,0.1,0,100
WF10,DF1,2,0.1,2,49
WF10,DF1,2,0.1,4,
WF10,DF1,2,0.1,6,49
WF10,DF1,2,0.1,8,
WF10,DF1,2,0.1,12,700
WF10,DF1,2,0.1,16,2650
WF10,DF1,2,0.1,24,14500
WF10,DF1,2,0.1,48,11500
WF10,DF1,3,0.1,0,100
WF10,DF1,3,0.1,2,49
WF10,DF1,3,0.1,4,
WF10,DF1,3,0.1,6,49
WF10,DF1,3,0.1,8,
WF10,DF1,3,0.1,12,100
WF10,DF1,3,0.1,16,2850
WF10,DF1,3,0.1,24,9000
WF10,DF1,3,0.1,48,10000
WF10,DF1,1,1,0,2450
WF10,DF1,1,1,2,49
WF10,DF1,1,1,4,
WF10,DF1,1,1,6,49
WF10,DF1,1,1,8,
WF10,DF1,1,1,12,400
WF10,DF1,1,1,16,9500
WF10,DF1,1,1,24,20000
WF10,DF1,1,1,48,62000
WF10,DF1,2,1,0,2550
WF10,DF1,2,1,2,49
WF10,DF1,2,1,4,
WF10,DF1,2,1,6,49
WF10,DF1,2,1,8,
WF10,DF1,2,1,12,4100
WF10,DF1,2,1,16,9500
WF10,DF1,2,1,24,42000
WF10,DF1,2,1,48,62500
WF10,DF1,3,1,0,2000
WF10,DF1,3,1,2,49
WF10,DF1,3,1,4,
WF10,DF1,3,1,6,49
WF10,DF1,3,1,8,
WF10,DF1,3,1,12,3050
WF10,DF1,3,1,16,11100
WF10,DF1,3,1,24,26500
WF10,DF1,3,1,48,71000
WF10,DF1,1,3,0,15500
WF10,DF1,1,3,2,49
WF10,DF1,1,3,4,
WF10,DF1,1,3,6,49
WF10,DF1,1,3,8,
WF10,DF1,1,3,12,4550
WF10,DF1,1,3,16,15500
WF10,DF1,1,3,24,30000
WF10,DF1,1,3,48,83000
WF10,DF1,2,3,0,12000
WF10,DF1,2,3,2,49
WF10,DF1,2,3,4,
WF10,DF1,2,3,6,49
WF10,DF1,2,3,8,
WF10,DF1,2,3,12,4600
WF10,DF1,2,3,16,9650
WF10,DF1,2,3,24,50000
WF10,DF1,2,3,48,48000
WF10,DF1,1,5,0,25000
WF10,DF1,1,5,2,49
WF10,DF1,1,5,4,
WF10,DF1,1,5,6,49
WF10,DF1,1,5,8,
WF10,DF1,1,5,12,4050
WF10,DF1,1,5,16,8500
WF10,DF1,1,5,24,19000
WF10,DF1,1,5,48,59500
WF10,DF1,2,5,0,26000
WF10,DF1,2,5,2,49
WF10,DF1,2,5,4,
WF10,DF1,2,5,6,49
WF10,DF1,2,5,8,
WF10,DF1,2,5,12,4750
WF10,DF1,2,5,16,14500
WF10,DF1,2,5,24,44000
WF10,DF1,2,5,48,65000
WF10,DF1,3,5,0,21500
WF10,DF1,3,5,2,300
WF10,DF1,3,5,4,
WF10,DF1,3,5,6,49
WF10,DF1,3,5,8,
WF10,DF1,3,5,12,12500
WF10,DF1,3,5,16,14500
WF10,DF1,3,5,24,34000
WF10,DF1,3,5,48,62000
WF10,DF1,1,10,0,135000
WF10,DF1,1,10,2,49
WF10,DF1,1,10,4,
WF10,DF1,1,10,6,49
WF10,DF1,1,10,8,
WF10,DF1,1,10,12,7500
WF10,DF1,1,10,16,14000
WF10,DF1,1,10,24,31000
WF10,DF1,1,10,48,68500
WF10,DF1,2,10,0,55500
WF10,DF1,2,10,2,49
WF10,DF1,2,10,4,
WF10,DF1,2,10,6,49
WF10,DF1,2,10,8,
WF10,DF1,2,10,12,6250
WF10,DF1,2,10,16,23500
WF10,DF1,2,10,24,42000
WF10,DF1,2,10,48,63000
WF10,DF1,1,20,0,205000
WF10,DF1,1,20,2,49
WF10,DF1,1,20,4,
WF10,DF1,1,20,6,49
WF10,DF1,1,20,8,
WF10,DF1,1,20,12,6500
WF10,DF1,1,20,16,6300
WF10,DF1,1,20,24,13500
WF10,DF1,1,20,48,50000
WF10,DF1,2,20,0,106500
WF10,DF1,2,20,2,49
WF10,DF1,2,20,4,
WF10,DF1,2,20,6,49
WF10,DF1,2,20,8,
WF10,DF1,2,20,12,8250
WF10,DF1,2,20,16,19000
WF10,DF1,2,20,24,53000
WF10,DF1,2,20,48,72500
WF10,DF1,3,20,0,72500
WF10,DF1,3,20,2,49
WF10,DF1,3,20,4,
WF10,DF1,3,20,6,49
WF10,DF1,3,20,8,
WF10,DF1,3,20,12,11000
WF10,DF1,3,20,16,13000
WF10,DF1,3,20,24,39500
WF10,DF1,3,20,48,69500
WF10,DF1,4,1,1,8650
WF10,DF1,4,1,2,49
WF10,DF1,4,1,4,49
WF10,DF1,4,1,6,
WF10,DF1,4,1,8,
WF10,DF1,4,1,12,2650
WF10,DF1,4,1,16,8950
WF10,DF1,4,1,24,31500
WF10,DF1,4,1,48,101500
WF10,DF1,5,1,1,10000
WF10,DF1,5,1,2,150
WF10,DF1,5,1,4,49
WF10,DF1,5,1,6,
WF10,DF1,5,1,8,
WF10,DF1,5,1,12,1950
WF10,DF1,5,1,16,10000
WF10,DF1,5,1,24,80000
WF10,DF1,5,1,48,140000
WF10,DF1,6,1,1,10000
WF10,DF1,6,1,2,49
WF10,DF1,6,1,4,150
WF10,DF1,6,1,6,
WF10,DF1,6,1,8,
WF10,DF1,6,1,12,3600
WF10,DF1,6,1,16,29000
WF10,DF1,6,1,24,55000
WF10,DF1,6,1,48,185000
WF10,DF1,4,0.1,1,400
WF10,DF1,4,0.1,2,49
WF10,DF1,4,0.1,4,49
WF10,DF1,4,0.1,6,
WF10,DF1,4,0.1,8,
WF10,DF1,4,0.1,12,550
WF10,DF1,4,0.1,16,1950
WF10,DF1,4,0.1,24,5100
WF10,DF1,4,0.1,48,34000
WF10,DF1,5,0.1,1,350
WF10,DF1,5,0.1,2,50
WF10,DF1,5,0.1,4,49
WF10,DF1,5,0.1,6,
WF10,DF1,5,0.1,8,
WF10,DF1,5,0.1,12,300
WF10,DF1,5,0.1,16,3050
WF10,DF1,5,0.1,24,9000
WF10,DF1,5,0.1,48,26000
WF10,DF1,6,0.1,1,550
WF10,DF1,6,0.1,2,49
WF10,DF1,6,0.1,4,49
WF10,DF1,6,0.1,6,
WF10,DF1,6,0.1,8,
WF10,DF1,6,0.1,12,950
WF10,DF1,6,0.1,16,3500
WF10,DF1,6,0.1,24,10500
WF10,DF1,6,0.1,48,38000
WF10,DF1,4,0.05,1,200
WF10,DF1,4,0.05,2,49
WF10,DF1,4,0.05,4,49
WF10,DF1,4,0.05,6,
WF10,DF1,4,0.05,8,
WF10,DF1,4,0.05,12,49
WF10,DF1,4,0.05,16,1100
WF10,DF1,4,0.05,24,2450
WF10,DF1,4,0.05,48,7750
WF10,DF1,5,0.05,1,49
WF10,DF1,5,0.05,2,49
WF10,DF1,5,0.05,4,49
WF10,DF1,5,0.05,6,
WF10,DF1,5,0.05,8,
WF10,DF1,5,0.05,12,40
WF10,DF1,5,0.05,16,1550
WF10,DF1,5,0.05,24,6500
WF10,DF1,5,0.05,48,16000
WF10,DF1,6,0.05,1,
WF10,DF1,6,0.05,2,50
WF10,DF1,6,0.05,4,49
WF10,DF1,6,0.05,6,
WF10,DF1,6,0.05,8,
WF10,DF1,6,0.05,12,200
WF10,DF1,6,0.05,16,
WF10,DF1,6,0.05,24,5900
WF10,DF1,6,0.05,48,8500
WF10,DF1,4,0.01,1,49
WF10,DF1,4,0.01,2,49
WF10,DF1,4,0.01,4,49
WF10,DF1,4,0.01,6,
WF10,DF1,4,0.01,8,
WF10,DF1,4,0.01,12,49
WF10,DF1,4,0.01,16,49
WF10,DF1,4,0.01,24,300
WF10,DF1,4,0.01,48,1250
WF10,DF1,5,0.01,1,49
WF10,DF1,5,0.01,2,49
WF10,DF1,5,0.01,4,49
WF10,DF1,5,0.01,6,
WF10,DF1,5,0.01,8,
WF10,DF1,5,0.01,12,49
WF10,DF1,5,0.01,16,49
WF10,DF1,5,0.01,24,450
WF10,DF1,5,0.01,48,1200
WF10,DF1,6,0.01,1,100
WF10,DF1,6,0.01,2,49
WF10,DF1,6,0.01,4,49
WF10,DF1,6,0.01,6,
WF10,DF1,6,0.01,8,
WF10,DF1,6,0.01,12,49
WF10,DF1,6,0.01,16,350
WF10,DF1,6,0.01,24,700
WF10,DF1,6,0.01,48,350
NL09,MDCK,4,0.01,1,49
NL09,MDCK,4,0.05,1,49
NL09,MDCK,4,0.1,1,49
NL09,MDCK,4,1,1,49
NL09,MDCK,4,0.01,2,49
NL09,MDCK,4,0.05,2,250
NL09,MDCK,4,0.1,2,400
NL09,MDCK,4,1,2,700
NL09,MDCK,4,0.01,4,49
NL09,MDCK,4,0.05,4,49
NL09,MDCK,4,0.1,4,49
NL09,MDCK,4,1,4,49
NL09,MDCK,4,0.01,12,50
NL09,MDCK,4,0.05,12,250
NL09,MDCK,4,0.1,12,250
NL09,MDCK,4,1,12,1700
NL09,MDCK,4,0.01,16,1450
NL09,MDCK,4,0.05,16,7000
NL09,MDCK,4,0.1,16,9500
NL09,MDCK,4,1,16,22500
NL09,MDCK,4,0.01,24,5750
NL09,MDCK,4,0.05,24,19000
NL09,MDCK,4,0.1,24,37500
NL09,MDCK,4,1,24,90500
NL09,MDCK,4,0.01,48,11000
NL09,MDCK,4,0.05,48,48000
NL09,MDCK,4,0.1,48,59500
NL09,MDCK,4,1,48,145000
NL09,MDCK,5,0.01,1,49
NL09,MDCK,5,0.05,1,49
NL09,MDCK,5,0.1,1,49
NL09,MDCK,5,1,1,49
NL09,MDCK,5,0.01,2,49
NL09,MDCK,5,0.05,2,49
NL09,MDCK,5,0.1,2,49
NL09,MDCK,5,1,2,49
NL09,MDCK,5,0.01,4,49
NL09,MDCK,5,0.05,4,49
NL09,MDCK,5,0.1,4,49
NL09,MDCK,5,1,4,49
NL09,MDCK,5,0.01,12,49
NL09,MDCK,5,0.05,12,50
NL09,MDCK,5,0.1,12,150
NL09,MDCK,5,1,12,1450
NL09,MDCK,5,0.01,16,1050
NL09,MDCK,5,0.05,16,9000
NL09,MDCK,5,0.1,16,11500
NL09,MDCK,5,1,16,26500
NL09,MDCK,5,0.01,24,7000
NL09,MDCK,5,0.05,24,30500
NL09,MDCK,5,0.1,24,54500
NL09,MDCK,5,1,24,79000
NL09,MDCK,5,0.01,48,9000
NL09,MDCK,5,0.05,48,38000
NL09,MDCK,5,0.1,48,40500
NL09,MDCK,5,1,48,80000
NL09,MDCK,6,0.01,1,49
NL09,MDCK,6,0.05,1,100
NL09,MDCK,6,0.1,1,200
NL09,MDCK,6,1,1,950
NL09,MDCK,6,0.01,2,49
NL09,MDCK,6,0.05,2,49
NL09,MDCK,6,0.1,2,49
NL09,MDCK,6,1,2,49
NL09,MDCK,6,0.01,4,49
NL09,MDCK,6,0.05,4,49
NL09,MDCK,6,0.1,4,49
NL09,MDCK,6,1,4,49
NL09,MDCK,6,0.01,12,100
NL09,MDCK,6,0.05,12,49
NL09,MDCK,6,0.1,12,200
NL09,MDCK,6,1,12,650
NL09,MDCK,6,0.01,16,1250
NL09,MDCK,6,0.05,16,3950
NL09,MDCK,6,0.1,16,9500
NL09,MDCK,6,1,16,16000
NL09,MDCK,6,0.01,24,6000
NL09,MDCK,6,0.05,24,23000
NL09,MDCK,6,0.1,24,31500
NL09,MDCK,6,1,24,100000
NL09,MDCK,6,0.01,48,14500
NL09,MDCK,6,0.05,48,40500
NL09,MDCK,6,0.1,48,100000
NL09,MDCK,6,1,48,135000